,0,1
0,slate,1432
1,sauce,1406
2,slice,1403
3,shale,1399
4,saute,1395
5,sooty,1390
6,share,1387
7,shine,1379
8,suite,1377
9,crane,1375
10,saint,1370
11,soapy,1364
12,shone,1356
13,saucy,1348
14,shire,1347
15,cease,1338
16,saner,1336
17,sense,1336
18,crate,1332
19,stale,1332
20,snare,1330
21,spree,1329
22,shore,1324
23,suave,1323
24,slide,1322
25,sorry,1321
26,slime,1321
27,shiny,1321
28,stare,1320
29,gooey,1319
30,brace,1318
31,seize,1314
32,sleet,1313
33,crone,1312
34,brine,1310
35,state,1309
36,scree,1308
37,sally,1307
38,shade,1306
39,slant,1306
40,shame,1305
41,space,1304
42,spare,1304
43,spine,1296
44,scale,1295
45,trace,1294
46,shake,1292
47,tease,1289
48,stone,1289
49,shape,1287
50,sassy,1284
51,salty,1284
52,scare,1283
53,shave,1282
54,slope,1280
55,swine,1279
56,poise,1279
57,since,1275
58,boney,1271
59,sadly,1270
60,stole,1269
61,raise,1268
62,snore,1267
63,arise,1266
64,spire,1264
65,spice,1264
66,slimy,1263
67,crier,1261
68,grace,1260
69,cause,1260
70,peace,1260
71,store,1257
72,sheet,1257
73,prone,1255
74,trice,1254
75,crony,1254
76,spite,1253
77,smile,1253
78,scone,1252
79,briny,1252
80,plane,1251
81,blare,1251
82,cagey,1251
83,grate,1249
84,shady,1248
85,salve,1248
86,price,1246
87,stage,1246
88,clone,1245
89,prose,1244
90,surer,1243
91,trite,1243
92,arose,1243
93,skate,1242
94,siege,1241
95,chase,1241
96,spore,1241
97,surly,1239
98,sandy,1239
99,crave,1238
100,spiny,1238
101,erase,1238
102,scaly,1237
103,serve,1236
104,snake,1235
105,shaky,1234
106,close,1234
107,sunny,1233
108,stony,1231
109,goose,1230
110,smite,1230
111,shalt,1230
112,sober,1230
113,puree,1229
114,lease,1227
115,stake,1225
116,drone,1225
117,scary,1225
118,safer,1224
119,swore,1224
120,solve,1223
121,brake,1223
122,spade,1223
123,moose,1222
124,rainy,1221
125,crime,1221
126,score,1220
127,fairy,1219
128,place,1219
129,shove,1219
130,borne,1219
131,seedy,1216
132,daisy,1216
133,sheer,1216
134,stave,1215
135,savoy,1214
136,payee,1214
137,craze,1213
138,brave,1213
139,trade,1213
140,flare,1213
141,gaily,1211
142,shied,1211
143,surge,1211
144,sieve,1210
145,teary,1210
146,snide,1209
147,plate,1208
148,covey,1208
149,coast,1207
150,smote,1207
151,daily,1207
152,spicy,1206
153,money,1205
154,matey,1204
155,silly,1204
156,pause,1203
157,loose,1202
158,singe,1201
159,boule,1201
160,parse,1201
161,sower,1200
162,melee,1200
163,story,1199
164,frame,1198
165,booty,1198
166,bride,1197
167,three,1196
168,dairy,1195
169,canoe,1193
170,glare,1193
171,snipe,1190
172,sully,1188
173,alone,1187
174,tepee,1187
175,corny,1186
176,scene,1186
177,canny,1185
178,sever,1185
179,phase,1184
180,boast,1182
181,sissy,1181
182,mealy,1180
183,grade,1179
184,carry,1179
185,slash,1179
186,chose,1178
187,shirt,1178
188,siren,1177
189,snaky,1177
190,segue,1177
191,prune,1177
192,write,1176
193,noise,1175
194,farce,1174
195,drier,1174
196,sleek,1173
197,skier,1171
198,urine,1170
199,corer,1170
200,blade,1170
201,spike,1169
202,blame,1169
203,irate,1168
204,honey,1167
205,cried,1167
206,brute,1166
207,pride,1165
208,spiel,1165
209,prime,1164
210,sooth,1163
211,stoke,1162
212,sewer,1162
213,piney,1161
214,drake,1161
215,voice,1160
216,grape,1160
217,broke,1160
218,sneer,1159
219,slain,1159
220,guise,1159
221,toast,1158
222,sweet,1157
223,chore,1157
224,meaty,1157
225,drape,1156
226,crazy,1155
227,grave,1155
228,short,1155
229,sonar,1155
230,tripe,1154
231,taint,1154
232,wrote,1153
233,hairy,1153
234,beady,1153
235,truce,1153
236,bribe,1152
237,stove,1152
238,noose,1152
239,foamy,1152
240,start,1151
241,soggy,1151
242,guile,1150
243,force,1149
244,steer,1149
245,cadet,1148
246,beret,1148
247,spoke,1146
248,terse,1146
249,paint,1146
250,scant,1146
251,false,1144
252,mouse,1144
253,beast,1144
254,weary,1143
255,cater,1143
256,caste,1143
257,stint,1143
258,rouse,1142
259,cable,1142
260,showy,1141
261,faint,1140
262,sappy,1140
263,elate,1139
264,curse,1139
265,grime,1138
266,parer,1138
267,barge,1138
268,forte,1138
269,booze,1137
270,plier,1137
271,shoot,1137
272,super,1137
273,wooer,1134
274,slack,1134
275,sheen,1134
276,alley,1134
277,trait,1133
278,shall,1132
279,carve,1132
280,diary,1132
281,poesy,1132
282,creme,1132
283,phone,1132
284,trope,1131
285,stray,1131
286,flier,1131
287,flame,1131
288,greet,1130
289,solar,1130
290,graze,1130
291,wooly,1130
292,those,1129
293,dopey,1129
294,tribe,1128
295,spied,1128
296,savvy,1127
297,copse,1127
298,trove,1126
299,geese,1126
300,slink,1126
301,tract,1125
302,louse,1124
303,dance,1124
304,smoke,1123
305,stilt,1123
306,penne,1123
307,grant,1123
308,parry,1122
309,fanny,1122
310,point,1121
311,deity,1121
312,blaze,1121
313,crude,1121
314,gripe,1120
315,scope,1120
316,tense,1120
317,slyly,1120
318,boost,1119
319,waive,1119
320,maize,1119
321,baler,1119
322,prove,1118
323,stair,1118
324,tried,1118
325,flake,1118
326,baste,1118
327,pansy,1117
328,noisy,1117
329,worse,1117
330,slosh,1116
331,prize,1116
332,sleep,1116
333,whale,1116
334,catty,1116
335,spray,1115
336,semen,1115
337,roast,1114
338,crepe,1114
339,coupe,1114
340,smart,1112
341,glade,1112
342,party,1111
343,truer,1111
344,spiky,1111
345,drive,1111
346,pried,1110
347,shank,1110
348,route,1110
349,belle,1110
350,print,1109
351,comet,1109
352,freer,1109
353,sound,1109
354,shunt,1109
355,clove,1108
356,biome,1107
357,spilt,1107
358,truly,1107
359,house,1106
360,feast,1106
361,belie,1106
362,chafe,1105
363,foist,1104
364,reuse,1104
365,horse,1104
366,fried,1104
367,loamy,1104
368,foray,1103
369,blast,1103
370,shaft,1103
371,seven,1103
372,cruel,1103
373,rarer,1102
374,leave,1101
375,lance,1100
376,elite,1099
377,chide,1099
378,haute,1099
379,tenet,1098
380,snort,1098
381,chime,1098
382,covet,1097
383,silky,1097
384,grope,1097
385,gravy,1097
386,probe,1097
387,weave,1096
388,array,1096
389,whine,1096
390,slick,1094
391,slang,1094
392,taste,1094
393,bloke,1093
394,posse,1093
395,table,1093
396,grove,1092
397,palsy,1092
398,steel,1092
399,batty,1091
400,patsy,1091
401,pence,1091
402,tally,1091
403,berry,1091
404,piece,1091
405,irony,1090
406,fancy,1090
407,meant,1089
408,caper,1089
409,deuce,1089
410,marry,1088
411,drove,1088
412,pouty,1088
413,rupee,1087
414,paler,1087
415,shout,1087
416,froze,1087
417,paste,1086
418,south,1085
419,ready,1085
420,fence,1085
421,masse,1084
422,sloth,1084
423,snowy,1084
424,booby,1083
425,shard,1083
426,chant,1083
427,alike,1083
428,fleet,1083
429,privy,1083
430,heave,1083
431,plant,1082
432,purse,1082
433,dense,1082
434,gauge,1082
435,sulky,1081
436,sixty,1081
437,front,1080
438,briar,1080
439,forty,1080
440,carat,1080
441,grimy,1080
442,dried,1080
443,boozy,1079
444,crash,1079
445,sauna,1079
446,fable,1079
447,badly,1078
448,creed,1078
449,shack,1078
450,shark,1078
451,nosey,1078
452,count,1077
453,moist,1076
454,while,1076
455,waist,1076
456,forge,1075
457,cutie,1074
458,naive,1074
459,phony,1074
460,manly,1074
461,erode,1073
462,creek,1073
463,genie,1073
464,alive,1073
465,dealt,1073
466,glory,1072
467,sport,1072
468,candy,1072
469,glide,1072
470,curly,1072
471,snail,1071
472,coach,1070
473,goody,1070
474,shoal,1069
475,leant,1069
476,frost,1069
477,chute,1068
478,bluer,1068
479,satin,1068
480,tatty,1067
481,bossy,1067
482,crank,1066
483,crest,1066
484,facet,1066
485,lousy,1066
486,genre,1065
487,beset,1065
488,smoky,1065
489,early,1065
490,stall,1065
491,penny,1065
492,atone,1064
493,shyly,1064
494,prude,1064
495,twine,1063
496,snarl,1063
497,shift,1063
498,these,1063
499,glaze,1063
500,latte,1063
501,choke,1062
502,aware,1062
503,moody,1062
504,savor,1062
505,whose,1062
506,goner,1061
507,salad,1061
508,flute,1061
509,shear,1060
510,sheep,1060
511,curry,1060
512,flaky,1060
513,roomy,1059
514,patty,1059
515,craft,1059
516,least,1058
517,plait,1058
518,gouge,1057
519,horny,1057
520,guide,1057
521,giant,1057
522,eerie,1056
523,cover,1056
524,stash,1056
525,abase,1055
526,react,1055
527,panel,1055
528,steed,1055
529,gorge,1055
530,style,1055
531,crust,1054
532,agree,1054
533,alien,1054
534,brash,1054
535,sling,1054
536,ferry,1053
537,taunt,1053
538,leaky,1053
539,dally,1053
540,fatty,1053
541,breed,1053
542,whole,1053
543,white,1053
544,artsy,1053
545,belly,1052
546,folly,1052
547,large,1052
548,beget,1052
549,maple,1052
550,warty,1052
551,chart,1051
552,roost,1051
553,harry,1050
554,badge,1050
555,brief,1050
556,ladle,1050
557,dicey,1050
558,tardy,1049
559,heady,1049
560,cheer,1049
561,stand,1048
562,cairn,1048
563,rouge,1047
564,burly,1047
565,rally,1047
566,diode,1046
567,mange,1046
568,brand,1046
569,quiet,1045
570,title,1045
571,slept,1045
572,court,1045
573,tamer,1044
574,range,1044
575,skirt,1044
576,stank,1043
577,salon,1043
578,plied,1043
579,juice,1043
580,mauve,1043
581,lorry,1043
582,there,1042
583,friar,1042
584,stunt,1042
585,lapse,1041
586,bunny,1041
587,study,1040
588,verse,1040
589,taper,1040
590,brunt,1040
591,built,1039
592,wrist,1039
593,suing,1039
594,speed,1039
595,bathe,1038
596,hoist,1038
597,worry,1038
598,shirk,1038
599,slush,1038
600,whiny,1038
601,spent,1038
602,sinew,1038
603,woody,1037
604,stain,1036
605,flint,1036
606,tasty,1036
607,camel,1036
608,rinse,1036
609,goofy,1036
610,quite,1035
611,trail,1035
612,brain,1034
613,gassy,1034
614,crack,1034
615,leafy,1033
616,preen,1033
617,cower,1033
618,paper,1032
619,coyly,1032
620,later,1032
621,solid,1032
622,droit,1032
623,shorn,1032
624,golly,1032
625,twice,1031
626,inane,1031
627,bloat,1031
628,pulse,1031
629,tangy,1030
630,snout,1030
631,trash,1030
632,valet,1030
633,poser,1030
634,tulle,1030
635,butte,1030
636,today,1029
637,elide,1029
638,dolly,1028
639,pasty,1028
640,waste,1027
641,eagle,1027
642,fiery,1027
643,water,1027
644,spank,1027
645,gauze,1026
646,small,1026
647,board,1026
648,still,1025
649,glove,1025
650,tawny,1025
651,heavy,1025
652,slunk,1025
653,merry,1025
654,mercy,1025
655,nanny,1024
656,staid,1024
657,abate,1023
658,loopy,1023
659,stalk,1023
660,swash,1023
661,ratty,1023
662,piety,1022
663,braid,1022
664,sharp,1021
665,balmy,1021
666,snack,1021
667,frail,1021
668,stout,1020
669,gruel,1020
670,leery,1019
671,fault,1019
672,baker,1019
673,heart,1019
674,filet,1019
675,gaunt,1019
676,purer,1019
677,hence,1019
678,agate,1018
679,proxy,1018
680,spelt,1018
681,chair,1018
682,prior,1018
683,gaudy,1017
684,mince,1017
685,eater,1017
686,smash,1017
687,scent,1017
688,bagel,1017
689,glint,1016
690,creep,1016
691,movie,1015
692,shock,1015
693,freed,1015
694,salsa,1015
695,daunt,1015
696,hater,1014
697,bible,1014
698,haste,1014
699,curve,1013
700,billy,1012
701,clash,1012
702,quote,1012
703,madly,1012
704,flair,1011
705,stack,1011
706,stark,1011
707,train,1010
708,gamer,1010
709,caddy,1010
710,spill,1009
711,prank,1009
712,merge,1009
713,bugle,1009
714,binge,1009
715,treat,1008
716,cache,1008
717,beach,1007
718,shrew,1007
719,green,1007
720,dunce,1005
721,aisle,1005
722,trust,1005
723,girly,1005
724,payer,1004
725,spout,1004
726,globe,1004
727,flirt,1004
728,cider,1004
729,stink,1003
730,finer,1003
731,funny,1003
732,shell,1003
733,frank,1003
734,horde,1002
735,brink,1001
736,sweat,1001
737,tarot,1001
738,agile,1001
739,grail,1001
740,mossy,1001
741,heist,1000
742,joint,1000
743,clued,999
744,trial,999
745,clank,999
746,betel,998
747,reset,997
748,shook,997
749,furry,997
750,plume,996
751,bully,996
752,broil,996
753,sloop,996
754,petty,996
755,smelt,995
756,shawl,995
757,godly,995
758,racer,995
759,satyr,995
760,spark,995
761,greed,995
762,taker,995
763,crick,994
764,trout,994
765,boxer,994
766,spurt,994
767,float,993
768,deter,993
769,pearl,993
770,steep,993
771,wince,992
772,swill,992
773,grief,992
774,sugar,991
775,scald,991
776,algae,991
777,swath,991
778,quake,991
779,flume,990
780,brisk,990
781,delay,990
782,beefy,990
783,cleat,990
784,joist,989
785,meter,989
786,woozy,988
787,beard,988
788,bitty,988
789,lager,988
790,grand,988
791,mangy,988
792,purge,987
793,elope,987
794,niece,987
795,bleed,986
796,mount,986
797,holly,986
798,afire,986
799,dandy,985
800,juicy,985
801,track,985
802,hotly,985
803,frill,985
804,bilge,984
805,relay,984
806,baggy,984
807,tower,984
808,croak,983
809,anime,983
810,wager,983
811,swish,983
812,scout,983
813,teach,983
814,spoil,982
815,grunt,982
816,shush,982
817,alter,981
818,guilt,981
819,faith,981
820,roger,981
821,swirl,980
822,bland,979
823,diner,979
824,drank,979
825,randy,979
826,crass,978
827,argue,978
828,nurse,978
829,gayer,978
830,fruit,978
831,dirty,978
832,filer,978
833,allay,978
834,roach,977
835,fluke,977
836,yeast,977
837,spear,977
838,troll,976
839,loser,976
840,power,976
841,clout,976
842,grain,976
843,graft,976
844,peach,975
845,where,975
846,adore,975
847,miner,975
848,great,974
849,olive,974
850,gayly,974
851,blank,974
852,filly,974
853,coven,974
854,foyer,973
855,gloat,973
856,sedan,973
857,blunt,973
858,dirge,973
859,haunt,973
860,eager,973
861,testy,973
862,stool,972
863,drain,972
864,smack,972
865,draft,972
866,opine,972
867,stick,971
868,crock,971
869,retry,971
870,booth,971
871,sonic,970
872,motel,970
873,hardy,969
874,brick,969
875,bulge,968
876,awake,967
877,clack,967
878,moult,966
879,aunty,965
880,grill,965
881,mover,965
882,bleat,965
883,waver,965
884,perky,964
885,adage,964
886,dodge,963
887,liege,963
888,swift,963
889,rover,963
890,value,963
891,broad,963
892,voter,963
893,triad,962
894,poker,962
895,downy,962
896,drill,961
897,anode,961
898,theme,960
899,sweep,960
900,swear,960
901,utile,960
902,grout,960
903,gazer,960
904,clink,959
905,broth,959
906,skill,958
907,crisp,958
908,fully,958
909,sheik,957
910,coral,957
911,wordy,957
912,hasty,956
913,burnt,956
914,noble,956
915,canal,956
916,spool,956
917,reedy,956
918,rogue,955
919,choir,955
920,liner,955
921,fever,955
922,curvy,955
923,smear,954
924,flail,954
925,tilde,953
926,slung,953
927,crook,953
928,splat,953
929,brass,953
930,maker,953
931,paddy,953
932,serif,953
933,chief,952
934,frisk,952
935,geeky,952
936,halve,952
937,carol,952
938,lathe,952
939,bowel,951
940,crawl,951
941,cheek,950
942,pooch,950
943,wrest,950
944,layer,950
945,dilly,950
946,squat,950
947,harpy,950
948,clear,949
949,flash,949
950,split,949
951,grind,948
952,minty,948
953,loath,948
954,worst,948
955,stork,948
956,stock,948
957,alloy,948
958,tiger,947
959,unite,947
960,lanky,947
961,tooth,947
962,amity,947
963,vaunt,947
964,aider,946
965,cabby,946
966,crept,945
967,lover,945
968,trick,945
969,frond,945
970,burst,945
971,verge,945
972,spasm,945
973,smith,945
974,chest,943
975,handy,943
976,caulk,942
977,black,942
978,tipsy,942
979,scour,942
980,leash,942
981,plank,942
982,mower,942
983,blurt,941
984,gavel,941
985,timer,941
986,tweet,941
987,wafer,941
988,putty,940
989,strut,940
990,agony,940
991,rower,940
992,drink,939
993,homer,939
994,lodge,939
995,reach,939
996,blind,939
997,cameo,939
998,droll,938
999,gully,938
1000,crush,938
1001,prick,937
1002,jolly,937
1003,dryer,937
1004,comfy,937
1005,shuck,937
1006,leapt,937
1007,exile,936
1008,steal,936
1009,amuse,936
1010,slurp,936
1011,flank,936
1012,bevel,936
1013,bawdy,936
1014,toddy,936
1015,chain,936
1016,gnome,935
1017,eaten,935
1018,stood,935
1019,plain,935
1020,ounce,935
1021,fussy,935
1022,model,934
1023,death,934
1024,cheat,934
1025,blink,934
1026,decay,934
1027,pixie,934
1028,dully,934
1029,pleat,933
1030,scion,933
1031,brood,933
1032,dryly,933
1033,weedy,933
1034,color,933
1035,fewer,932
1036,ruler,932
1037,sworn,932
1038,smirk,932
1039,hotel,932
1040,drift,932
1041,banal,931
1042,delve,931
1043,sting,931
1044,budge,931
1045,moldy,931
1046,clasp,931
1047,spoon,931
1048,wrath,931
1049,hurry,931
1050,dowry,930
1051,repay,929
1052,bring,929
1053,agape,929
1054,reply,929
1055,couch,929
1056,scalp,929
1057,easel,929
1058,piper,929
1059,scorn,928
1060,elude,928
1061,scold,928
1062,tacky,928
1063,brook,928
1064,click,927
1065,vault,927
1066,hover,927
1067,towel,927
1068,femme,927
1069,clang,927
1070,valve,926
1071,rivet,926
1072,ghost,926
1073,amaze,926
1074,ditty,926
1075,brawl,926
1076,ovine,926
1077,chill,925
1078,venue,925
1079,flask,925
1080,jaunt,924
1081,nasty,924
1082,bleep,924
1083,first,923
1084,daddy,923
1085,missy,923
1086,chalk,923
1087,plaid,923
1088,ovate,923
1089,could,922
1090,hoard,922
1091,merit,922
1092,floor,922
1093,fiber,922
1094,lower,922
1095,decry,922
1096,lapel,921
1097,froth,921
1098,foggy,921
1099,ninny,921
1100,gland,921
1101,leach,921
1102,willy,921
1103,tacit,920
1104,label,920
1105,spell,920
1106,tuber,920
1107,alert,920
1108,sword,920
1109,erect,919
1110,lowly,918
1111,ramen,918
1112,wrack,918
1113,vague,918
1114,miser,918
1115,cloth,917
1116,creak,917
1117,quart,917
1118,groan,917
1119,buyer,917
1120,bound,917
1121,blond,916
1122,duvet,916
1123,cloak,916
1124,chard,916
1125,riser,916
1126,rifle,915
1127,queer,915
1128,cross,915
1129,leper,915
1130,grasp,915
1131,laden,914
1132,verve,914
1133,swoon,914
1134,learn,914
1135,abuse,914
1136,sight,914
1137,spook,914
1138,groin,913
1139,aside,913
1140,flout,913
1141,abide,913
1142,order,913
1143,brush,913
1144,taken,913
1145,class,911
1146,posit,911
1147,tithe,911
1148,rider,911
1149,apart,910
1150,smock,909
1151,nerve,908
1152,frock,908
1153,drool,908
1154,gipsy,908
1155,fraud,908
1156,hilly,908
1157,shown,907
1158,stein,907
1159,swarm,907
1160,lunge,907
1161,defer,907
1162,lever,907
1163,acute,906
1164,emcee,906
1165,polar,906
1166,raven,906
1167,hinge,905
1168,dodgy,905
1169,clock,904
1170,flack,904
1171,sneak,904
1172,claim,904
1173,awoke,904
1174,wryly,904
1175,build,904
1176,mammy,904
1177,decoy,904
1178,spend,903
1179,being,903
1180,derby,903
1181,thief,903
1182,swell,903
1183,screw,903
1184,raspy,903
1185,trawl,902
1186,baron,902
1187,stunk,902
1188,brawn,901
1189,guest,901
1190,canon,901
1191,conch,901
1192,gaffe,901
1193,refer,901
1194,ledge,901
1195,await,901
1196,catch,900
1197,totem,899
1198,query,899
1199,stead,899
1200,dimly,899
1201,jelly,899
1202,stern,899
1203,revue,899
1204,nobly,898
1205,swing,898
1206,pinky,898
1207,bezel,898
1208,teddy,898
1209,bread,897
1210,smell,897
1211,witty,897
1212,tabby,897
1213,wedge,896
1214,bobby,896
1215,harem,896
1216,begat,896
1217,cramp,895
1218,ruder,895
1219,giver,895
1220,grass,895
1221,abbey,894
1222,lofty,894
1223,thank,894
1224,flyer,894
1225,steak,894
1226,caput,894
1227,serum,893
1228,riper,893
1229,vogue,893
1230,trend,893
1231,fudge,893
1232,wiser,893
1233,heath,892
1234,break,892
1235,manor,892
1236,poppy,891
1237,diver,891
1238,fugue,891
1239,ozone,890
1240,abode,890
1241,dowel,889
1242,queue,889
1243,quilt,889
1244,elegy,889
1245,swept,889
1246,unity,889
1247,dingy,889
1248,bulky,889
1249,needy,888
1250,child,888
1251,piano,888
1252,joust,888
1253,cedar,888
1254,wider,888
1255,token,888
1256,fresh,887
1257,cling,887
1258,spawn,887
1259,scarf,887
1260,prism,887
1261,spunk,886
1262,maybe,886
1263,pound,885
1264,river,885
1265,evade,884
1266,sepia,884
1267,heard,884
1268,salvo,884
1269,gusty,883
1270,snoop,883
1271,twist,883
1272,hedge,883
1273,going,883
1274,marsh,882
1275,biddy,882
1276,tonal,882
1277,midge,881
1278,pesky,881
1279,tapir,880
1280,filmy,880
1281,snuck,880
1282,touch,880
1283,knave,880
1284,found,879
1285,ridge,879
1286,doing,879
1287,azure,879
1288,block,879
1289,dusty,879
1290,fixer,878
1291,angle,878
1292,beech,878
1293,torch,878
1294,speak,878
1295,elder,877
1296,storm,877
1297,ebony,877
1298,taffy,877
1299,ovary,876
1300,wheel,876
1301,trunk,876
1302,funky,876
1303,image,876
1304,repel,876
1305,musty,875
1306,jetty,875
1307,rebel,875
1308,graph,875
1309,cabal,875
1310,batch,875
1311,murky,874
1312,prong,874
1313,shelf,874
1314,stoic,874
1315,nerdy,874
1316,bused,874
1317,basal,874
1318,guard,874
1319,linen,873
1320,rusty,873
1321,tread,873
1322,stoop,873
1323,stamp,872
1324,molar,872
1325,pouch,872
1326,flour,872
1327,aloft,871
1328,donor,871
1329,spurn,871
1330,chick,871
1331,tenor,871
1332,stuck,870
1333,hovel,870
1334,haven,870
1335,porch,870
1336,krill,870
1337,basil,870
1338,women,870
1339,tiara,869
1340,tryst,869
1341,hussy,869
1342,prawn,869
1343,enact,868
1344,revel,868
1345,liver,867
1346,clean,867
1347,outer,867
1348,fatal,867
1349,golem,866
1350,buddy,866
1351,speck,866
1352,icily,866
1353,blood,866
1354,moral,866
1355,above,866
1356,buggy,865
1357,flick,864
1358,gawky,864
1359,drawl,864
1360,cavil,864
1361,fifty,864
1362,crown,863
1363,navel,863
1364,cleft,863
1365,donut,862
1366,wacky,861
1367,march,861
1368,chasm,861
1369,cycle,860
1370,annoy,860
1371,rocky,859
1372,woven,858
1373,radar,858
1374,peril,858
1375,hazel,857
1376,never,857
1377,skull,857
1378,broom,857
1379,weird,857
1380,truth,857
1381,total,856
1382,lefty,856
1383,realm,856
1384,feral,856
1385,lusty,855
1386,crimp,855
1387,cough,855
1388,setup,855
1389,slump,854
1390,freak,854
1391,sixth,854
1392,think,854
1393,forth,853
1394,berth,853
1395,china,853
1396,chord,853
1397,usage,853
1398,windy,853
1399,pulpy,852
1400,elect,852
1401,colon,851
1402,mound,851
1403,crowd,851
1404,proud,851
1405,baton,850
1406,level,850
1407,blend,850
1408,botch,850
1409,befit,850
1410,adobe,849
1411,round,849
1412,dozen,849
1413,cress,849
1414,dowdy,849
1415,bravo,849
1416,piggy,849
1417,lithe,849
1418,fauna,849
1419,feign,848
1420,chock,848
1421,pique,847
1422,troop,847
1423,blush,846
1424,error,846
1425,guild,846
1426,cream,846
1427,croup,846
1428,bliss,846
1429,cabin,846
1430,tramp,846
1431,waxen,846
1432,older,846
1433,pithy,845
1434,basin,845
1435,rearm,844
1436,harsh,844
1437,truck,844
1438,happy,844
1439,rowdy,843
1440,jerky,843
1441,teeth,843
1442,patch,843
1443,apple,842
1444,motor,841
1445,flock,841
1446,joker,841
1447,pudgy,841
1448,cloud,841
1449,cigar,840
1450,their,840
1451,charm,840
1452,habit,840
1453,swoop,840
1454,pilot,839
1455,swamp,839
1456,drawn,839
1457,milky,839
1458,rotor,839
1459,bench,838
1460,aptly,838
1461,drunk,838
1462,novel,838
1463,alarm,838
1464,hefty,838
1465,clerk,838
1466,wring,838
1467,brown,838
1468,allot,837
1469,penal,836
1470,scoop,836
1471,nutty,836
1472,kitty,835
1473,skunk,835
1474,dread,835
1475,leggy,835
1476,rodeo,835
1477,scamp,835
1478,risen,834
1479,newer,834
1480,yearn,833
1481,queen,833
1482,ranch,833
1483,perch,832
1484,favor,832
1485,doubt,832
1486,gross,832
1487,mourn,831
1488,prowl,831
1489,viper,831
1490,bough,830
1491,stung,830
1492,bushy,830
1493,knife,830
1494,koala,830
1495,newly,830
1496,arena,829
1497,honor,829
1498,glass,828
1499,flood,828
1500,dross,828
1501,clamp,828
1502,scowl,828
1503,zesty,827
1504,furor,827
1505,third,827
1506,obese,827
1507,pixel,827
1508,spoof,827
1509,talon,827
1510,quail,827
1511,gourd,827
1512,mouth,827
1513,cluck,826
1514,ardor,826
1515,wound,826
1516,bigot,826
1517,altar,825
1518,robot,825
1519,bleak,825
1520,fling,824
1521,birch,824
1522,nicer,824
1523,deign,824
1524,giddy,824
1525,anger,824
1526,cinch,823
1527,strap,823
1528,ankle,823
1529,steam,823
1530,thick,822
1531,quash,822
1532,vowel,821
1533,woken,821
1534,modem,821
1535,flesh,820
1536,torso,820
1537,ulcer,819
1538,ample,819
1539,debit,819
1540,strip,819
1541,papal,819
1542,druid,819
1543,renew,818
1544,amble,818
1545,reign,818
1546,remit,818
1547,wheat,818
1548,picky,817
1549,egret,817
1550,libel,817
1551,thorn,816
1552,chaos,816
1553,gnash,816
1554,squad,815
1555,earth,815
1556,skulk,815
1557,gamut,815
1558,wrong,815
1559,drama,815
1560,plush,814
1561,chirp,814
1562,belch,813
1563,given,813
1564,fiend,813
1565,voila,813
1566,birth,813
1567,hound,813
1568,oxide,812
1569,thyme,812
1570,align,812
1571,armor,812
1572,audit,811
1573,moron,811
1574,fritz,811
1575,gonad,811
1576,ripen,811
1577,untie,811
1578,hunky,810
1579,lobby,810
1580,petal,810
1581,staff,809
1582,stomp,809
1583,droop,809
1584,quest,809
1585,proof,809
1586,match,809
1587,angry,808
1588,fishy,808
1589,flush,808
1590,midst,807
1591,asset,807
1592,howdy,807
1593,erupt,807
1594,evoke,807
1595,exalt,807
1596,arbor,807
1597,ivory,806
1598,tweed,806
1599,tough,806
1600,would,806
1601,cyber,806
1602,along,806
1603,widen,806
1604,growl,805
1605,risky,805
1606,oaken,805
1607,etude,805
1608,world,804
1609,pagan,804
1610,sumac,804
1611,bicep,804
1612,fetal,804
1613,inlet,804
1614,conic,803
1615,valor,803
1616,tenth,803
1617,chunk,802
1618,abort,802
1619,weigh,802
1620,plunk,801
1621,wreak,801
1622,primo,800
1623,muddy,800
1624,frown,800
1625,enter,800
1626,worth,800
1627,renal,800
1628,month,799
1629,cargo,799
1630,groom,799
1631,pushy,798
1632,ruddy,798
1633,awash,798
1634,plead,798
1635,puppy,797
1636,crypt,797
1637,swung,797
1638,whirl,797
1639,clown,796
1640,whack,795
1641,shrug,795
1642,nudge,795
1643,sperm,795
1644,dusky,795
1645,flunk,795
1646,bacon,795
1647,exact,795
1648,depot,794
1649,vomit,794
1650,swami,794
1651,field,793
1652,gummy,793
1653,hobby,792
1654,leech,792
1655,press,792
1656,labor,791
1657,threw,791
1658,musky,791
1659,quill,791
1660,flora,791
1661,digit,790
1662,final,790
1663,bloom,790
1664,wreck,789
1665,minor,789
1666,tutor,789
1667,after,789
1668,latch,789
1669,dummy,789
1670,truss,788
1671,inner,788
1672,sprig,788
1673,focal,787
1674,churn,787
1675,scrap,786
1676,clung,786
1677,nadir,786
1678,floss,785
1679,unify,785
1680,mummy,785
1681,borax,785
1682,watch,784
1683,glean,784
1684,straw,784
1685,mayor,784
1686,apply,784
1687,entry,784
1688,aorta,784
1689,aloud,783
1690,lunar,783
1691,check,782
1692,blitz,782
1693,debar,782
1694,thing,782
1695,bunch,782
1696,refit,782
1697,aroma,781
1698,chili,781
1699,lumen,781
1700,grown,780
1701,onset,779
1702,which,779
1703,sniff,779
1704,cacao,778
1705,every,778
1706,modal,778
1707,judge,778
1708,atoll,777
1709,quack,777
1710,quark,777
1711,wispy,777
1712,kinky,777
1713,metal,776
1714,exist,776
1715,rebar,776
1716,whisk,776
1717,fluid,776
1718,afoot,776
1719,pivot,776
1720,drown,776
1721,orbit,775
1722,circa,775
1723,fleck,775
1724,vouch,774
1725,avail,774
1726,fetch,774
1727,synod,774
1728,pedal,774
1729,began,773
1730,champ,772
1731,patio,772
1732,mural,772
1733,thigh,772
1734,scram,772
1735,hatch,771
1736,panic,771
1737,blown,771
1738,unset,771
1739,dumpy,771
1740,cello,771
1741,guppy,771
1742,chuck,770
1743,rural,770
1744,pluck,769
1745,natal,769
1746,mania,769
1747,laugh,769
1748,credo,769
1749,begin,769
1750,stiff,769
1751,adapt,769
1752,rhyme,768
1753,dough,768
1754,enemy,768
1755,mucky,767
1756,angel,767
1757,terra,766
1758,pinch,766
1759,shrub,765
1760,skimp,765
1761,gloss,765
1762,twirl,764
1763,sigma,764
1764,razor,764
1765,olden,764
1766,mushy,764
1767,amber,764
1768,group,763
1769,octet,763
1770,fetid,763
1771,blimp,763
1772,agent,763
1773,inter,762
1774,assay,762
1775,curio,762
1776,rough,762
1777,dress,762
1778,amply,761
1779,edict,761
1780,civil,761
1781,finch,760
1782,uncle,760
1783,jewel,760
1784,limit,760
1785,dream,759
1786,inlay,759
1787,otter,759
1788,thong,759
1789,major,758
1790,award,758
1791,wimpy,758
1792,theft,758
1793,edify,757
1794,kneel,757
1795,bless,757
1796,neigh,757
1797,butch,756
1798,evict,756
1799,rhino,755
1800,girth,755
1801,north,755
1802,crump,754
1803,tonic,754
1804,mason,753
1805,husky,753
1806,titan,753
1807,unmet,752
1808,owner,752
1809,decor,752
1810,utter,751
1811,basis,751
1812,puffy,750
1813,punch,750
1814,felon,750
1815,arson,749
1816,fecal,749
1817,vapor,748
1818,kiosk,748
1819,liken,748
1820,lucky,747
1821,dwelt,747
1822,lumpy,747
1823,mirth,747
1824,basic,746
1825,cobra,746
1826,upset,745
1827,rugby,745
1828,again,745
1829,duchy,744
1830,retch,744
1831,niche,744
1832,epoxy,743
1833,ensue,743
1834,welsh,743
1835,debut,743
1836,climb,743
1837,tidal,742
1838,rapid,742
1839,folio,742
1840,ahead,741
1841,hippy,741
1842,rabid,741
1843,aloof,741
1844,condo,741
1845,pitch,740
1846,medal,740
1847,wield,740
1848,adult,740
1849,local,739
1850,ghoul,739
1851,tumor,739
1852,nasal,738
1853,rebut,737
1854,wrung,737
1855,quirk,737
1856,recut,737
1857,quick,737
1858,cheap,737
1859,manic,737
1860,axial,737
1861,morph,736
1862,ratio,736
1863,zonal,736
1864,heron,735
1865,valid,735
1866,avert,735
1867,visit,735
1868,about,734
1869,islet,733
1870,flown,733
1871,gloom,732
1872,cumin,732
1873,stump,731
1874,fizzy,731
1875,femur,731
1876,royal,730
1877,regal,730
1878,plaza,730
1879,pecan,730
1880,ester,729
1881,gypsy,729
1882,email,729
1883,robin,728
1884,toxin,728
1885,cocoa,728
1886,comic,727
1887,quoth,727
1888,pasta,727
1889,youth,726
1890,parka,726
1891,chess,726
1892,aback,725
1893,photo,725
1894,cliff,725
1895,decal,725
1896,under,725
1897,viral,724
1898,llama,724
1899,filth,724
1900,tango,724
1901,bongo,723
1902,flung,723
1903,tepid,723
1904,twang,722
1905,lurch,722
1906,melon,722
1907,welch,722
1908,rerun,721
1909,login,721
1910,kneed,720
1911,jazzy,719
1912,arrow,719
1913,apnea,719
1914,qualm,718
1915,angst,718
1916,rigor,717
1917,bison,716
1918,munch,716
1919,wagon,715
1920,fuzzy,715
1921,twixt,715
1922,notch,714
1923,resin,714
1924,devil,714
1925,woman,714
1926,guava,714
1927,fella,713
1928,avian,713
1929,viola,712
1930,loyal,712
1931,juror,712
1932,legal,712
1933,forgo,711
1934,rajah,711
1935,lurid,711
1936,ditch,710
1937,chaff,709
1938,crumb,709
1939,scoff,709
1940,torus,709
1941,wharf,708
1942,cacti,708
1943,ralph,708
1944,naval,707
1945,ombre,707
1946,winch,707
1947,demur,707
1948,tubal,707
1949,bonus,707
1950,dizzy,707
1951,bosom,706
1952,adopt,706
1953,idiot,705
1954,trump,705
1955,vixen,704
1956,envoy,704
1957,squib,704
1958,abled,704
1959,tonga,704
1960,acorn,703
1961,quell,702
1962,skiff,702
1963,inert,701
1964,forum,701
1965,radio,700
1966,lasso,700
1967,rayon,700
1968,gulch,699
1969,undue,699
1970,event,699
1971,blurb,699
1972,knelt,699
1973,taboo,699
1974,tight,698
1975,quasi,696
1976,lunch,696
1977,pupil,696
1978,idler,696
1979,ember,696
1980,recur,696
1981,gleam,696
1982,vocal,695
1983,video,695
1984,rumor,695
1985,essay,694
1986,dutch,694
1987,motto,694
1988,begun,693
1989,iliac,693
1990,scrum,692
1991,mulch,691
1992,amass,691
1993,madam,690
1994,aping,690
1995,mogul,690
1996,annex,690
1997,denim,689
1998,ether,688
1999,syrup,688
2000,manga,687
2001,timid,687
2002,clump,687
2003,augur,686
2004,depth,685
2005,guess,684
2006,fight,684
2007,adorn,683
2008,lemur,683
2009,mango,682
2010,axion,682
2011,motif,681
2012,upper,681
2013,witch,681
2014,vapid,680
2015,jumpy,680
2016,hyper,678
2017,snuff,678
2018,hunch,678
2019,pinto,676
2020,infer,676
2021,knack,676
2022,verso,676
2023,below,675
2024,demon,675
2025,macro,675
2026,topic,674
2027,vicar,674
2028,avoid,674
2029,banjo,674
2030,young,673
2031,vital,672
2032,theta,672
2033,rival,672
2034,empty,670
2035,comma,669
2036,sushi,669
2037,hitch,668
2038,stuff,668
2039,visor,668
2040,knoll,667
2041,magic,667
2042,psalm,667
2043,metro,667
2044,organ,667
2045,delta,666
2046,exult,666
2047,odder,666
2048,exert,666
2049,retro,665
2050,yield,664
2051,epoch,663
2052,larva,662
2053,oddly,662
2054,pygmy,662
2055,scrub,661
2056,tunic,660
2057,tulip,660
2058,tying,660
2059,humor,659
2060,pesto,659
2061,enjoy,658
2062,udder,658
2063,other,657
2064,whoop,657
2065,scuba,657
2066,mafia,657
2067,nomad,657
2068,onion,656
2069,might,656
2070,vigor,655
2071,imply,655
2072,amend,655
2073,right,654
2074,eject,654
2075,quota,653
2076,radii,653
2077,hutch,652
2078,topaz,651
2079,ninth,651
2080,amiss,651
2081,lemon,651
2082,datum,650
2083,polka,650
2084,dwell,649
2085,rigid,649
2086,fjord,648
2087,urban,648
2088,union,648
2089,yacht,647
2090,relic,647
2091,macaw,646
2092,jiffy,645
2093,bingo,645
2094,minim,645
2095,tweak,645
2096,among,644
2097,media,644
2098,unlit,643
2099,vegan,643
2100,hello,642
2101,waltz,641
2102,alibi,641
2103,aging,640
2104,adept,640
2105,bayou,639
2106,eclat,639
2107,ionic,639
2108,dwarf,637
2109,civic,637
2110,fifth,637
2111,light,636
2112,overt,636
2113,actor,635
2114,issue,634
2115,width,634
2116,admit,632
2117,imbue,632
2118,chump,631
2119,wight,631
2120,plump,630
2121,toxic,629
2122,relax,628
2123,afoul,628
2124,cubic,628
2125,kayak,628
2126,tibia,627
2127,apron,626
2128,vigil,624
2129,maxim,623
2130,dying,622
2131,logic,622
2132,whelp,621
2133,eight,621
2134,lipid,621
2135,recap,620
2136,ditto,620
2137,acrid,619
2138,karma,618
2139,mecca,617
2140,audio,616
2141,expel,616
2142,excel,615
2143,ashen,613
2144,livid,613
2145,knock,613
2146,medic,612
2147,gamma,611
2148,magma,609
2149,often,608
2150,gruff,608
2151,human,607
2152,fetus,605
2153,throw,605
2154,offer,604
2155,lucid,604
2156,detox,603
2157,mamma,603
2158,embed,602
2159,impel,602
2160,allow,601
2161,inept,601
2162,annul,601
2163,disco,600
2164,hymen,600
2165,bluff,599
2166,throb,599
2167,lying,598
2168,ascot,597
2169,abbot,597
2170,venom,595
2171,axiom,594
2172,lilac,593
2173,humid,591
2174,polyp,591
2175,anvil,589
2176,helix,588
2177,usher,588
2178,focus,588
2179,dogma,588
2180,night,586
2181,havoc,585
2182,elfin,585
2183,plumb,585
2184,dingo,583
2185,eying,583
2186,thump,582
2187,unwed,582
2188,unfed,581
2189,villa,581
2190,thrum,580
2191,myrrh,579
2192,turbo,579
2193,gusto,577
2194,ovoid,575
2195,ought,574
2196,owing,574
2197,ingot,573
2198,micro,572
2199,pubic,571
2200,eking,571
2201,vivid,569
2202,knead,564
2203,icing,563
2204,minus,563
2205,fluff,561
2206,music,561
2207,equal,559
2208,tempo,559
2209,lingo,559
2210,itchy,559
2211,mimic,558
2212,ultra,557
2213,unfit,556
2214,vying,554
2215,mambo,554
2216,whiff,553
2217,macho,553
2218,ocean,550
2219,ideal,548
2220,cynic,546
2221,fungi,544
2222,until,544
2223,buxom,544
2224,junta,544
2225,locus,540
2226,vinyl,539
2227,junto,539
2228,using,538
2229,thumb,537
2230,khaki,536
2231,mocha,533
2232,glyph,531
2233,usual,531
2234,debug,531
2235,rehab,528
2236,antic,527
2237,vista,526
2238,virus,525
2239,gecko,525
2240,index,522
2241,rebus,520
2242,album,520
2243,attic,517
2244,vodka,515
2245,input,513
2246,zebra,513
2247,hyena,513
2248,uncut,511
2249,ficus,510
2250,octal,509
2251,admin,509
2252,abhor,509
2253,widow,507
2254,known,505
2255,askew,503
2256,humph,502
2257,rabbi,500
2258,kappa,494
2259,idiom,494
2260,opium,492
2261,opera,492
2262,kebab,490
2263,alpha,488
2264,aphid,486
2265,bylaw,486
2266,extol,484
2267,elbow,477
2268,incur,471
2269,outgo,471
2270,undid,471
2271,enema,467
2272,mucus,466
2273,outdo,464
2274,lyric,461
2275,equip,456
2276,lupus,447
2277,awful,446
2278,gumbo,443
2279,ninja,440
2280,intro,440
2281,rumba,438
2282,pizza,436
2283,hippo,435
2284,humus,433
2285,nylon,433
2286,limbo,431
2287,occur,431
2288,usurp,420
2289,aglow,412
2290,extra,410
2291,optic,402
2292,idyll,400
2293,omega,395
2294,abyss,392
2295,offal,391
2296,ennui,389
2297,endow,383
2298,hydro,374
2299,lymph,357
2300,jumbo,348
2301,igloo,347
2302,ethic,347
2303,unzip,345
2304,umbra,340
2305,affix,339
2306,ethos,326
2307,inbox,317
2308,nymph,307
